name,score
pockethub_PocketHub,1
yui_yui3,1
ruby-grape_grape,1
sproutcore_sproutcore,1
rapid7_metasploit-framework,1
GeoNode_geonode,1
concrete5_concrete5,1
statsmodels_statsmodels,1
lml_quadbase,1
Theano_Theano,1
benedikt_mongoid-tree,1
Azure_azure-sdk-for-node,0
litl_rauth,1
fluent_fluentd,1
facebook_folly,1
cartalyst_sentry,1
Netflix_servo,1
roundcube_roundcubemail,1
browserify/browserify,1
jruby_jruby,1
symfony-cmf_cmf-sandbox,1
danvk_dygraphs,1
pods-framework_pods,1
twitter_twitter-cldr-rb,1
django-haystack_django-haystack,1
scikit-learn_scikit-learn,1
enigma-dev_enigma-dev,0
kriskowal_q,1
expressjs_express,1
sferik_twitter,1
intermine_intermine,1
heartcombo/responders,1
sleuthkit_autopsy,1
silverstripe_silverstripe-cms,1
moai_moai-dev,0
ModeShape_modeshape,1
puppetlabs_hiera,1
tinymce_tinymce,1
shutterstock_rickshaw,1
puppetlabs_puppetlabs-mysql,1
jfirebaugh_konacha,1
mavlink_qgroundcontrol,1
RubyMoney_money,1
facebook_facebook-android-sdk,1
mumble-voip_mumble,1
AcademySoftwareFoundation/OpenShadingLanguage,1
novus_nvd3,1
kakserpom_phpdaemon,1
sympy_sympy-bot,1
puppetlabs_puppetlabs-ntp,1
mercadolibre_chico,1
chef-cookbooks_chef-client,1
Codeception_Codeception,1
matomo-org/matomo,1
travis-ci_travis-cookbooks,1
svenfuchs_rails-i18n,1
heartcombo/devise,1
jruby_warbler,1
apache_hive,1
naparuba_shinken,1
thoughtbot_suspenders,1
serge-sans-paille_pythran,1
omeka_Omeka,1
ruby_ruby,1
Dolibarr_dolibarr,1
symphonycms/symphonycms,1
phalcon_cphalcon,1
gephi_gephi,1
concord-consortium_rigse,1
Eyescale_Equalizer,1
basho_riak-python-client,1
fatfreecrm_fat_free_crm,1
spree-contrib_spree_i18n,0
jenkinsci_warnings-plugin,1
shoes_shoes4,1
adhearsion_adhearsion,1
earwig_mwparserfromhell,1
wxWidgets_wxWidgets,0
thoughtbot_paperclip,1
mantisbt_mantisbt,0
jruby_activerecord-jdbc-adapter,1
KnpLabs_Gaufrette,1
NUBIC_surveyor,1
Netflix_Priam,1
mootools_mootools-core,0
convio_watirmark,1
OpenCPN_OpenCPN,1
celery_celery,1
Warzone2100_warzone2100,1
enthought_chaco,1
unepwcmc_SAPI,1
nostra13_Android-Universal-Image-Loader,1
jubatus_jubatus,1
travis-ci_travis-build,1
thoughtbot_clearance,1
openmrs_openmrs-core,1
PX4/PX4-Autopilot,1
puppetlabs_puppetlabs_spec_helper,1
rubygems_rubygems.org,1
ekylibre_ekylibre,1
pheanstalk/pheanstalk,1
ulfurinn_wongi-engine,1
thoughtbot/factory_bot_rails,1
thomasmoelhave_tpie,1
novius-os_core,0
puppetlabs_puppetlabs-firewall,1
remi/her,1
puppetlabs_puppetlabs-apache,1
expertiza_expertiza,1
rspec_rspec-core,1
learning-unlimited_ESP-Website,0
UnionOfRAD_lithium,1
Pylons_substanced,1
openstreetmap_openstreetmap-website,1
nipy_nipype,1
KnpLabs_KnpGaufretteBundle,1
HeliumProject/Engine,1
ReadyTalk_avian,1
travis-ci_travis-hub,1
travis-ci_travis-api,1
bbangert_retools,1
GMOD_jbrowse,1
rodjek_rspec-puppet,1
pezmaster31_bamtools,1
railsbridge_docs,1
projectcypress_cypress,1
splunk_splunk-sdk-python,1
DDMAL_libmei,0
miracle2k_django-assets,1
CakeDC_users,1
firegento_firegento-pdf,0
liip_LiipThemeBundle,1
yinian1992_flask-docs-cn,1
Jasig_WeatherPortlet,1
OpenNebula_one,1
miso-lims/miso-lims,1
arches_table_print,1
liip_LiipImagineBundle,1
arescentral_antares,1
pulp_pulp,1
liip_LiipFunctionalTestBundle,1
lmsgit_lms,0
redpony_cdec,1
mapbender_mapbender-starter,1
lanl/CLAMR,1
rapid7_nexpose-client,1
locationtech_udig-platform,0
molgenis_molgenis,1
mozilla_elmo,1
hasgeek_baseframe,1
js-kyle/mincer,1
azkaban_azkaban,1
celery_billiard,1
plone_plone.testing,0
saltstack_salt-contrib,1
animekita_selvbetjening,1
jenkinsci_github-plugin,1
sensu_sensu-chef,1
mozfr_transvision,1
zikula_core,1
DGtal-team_DGtal,1
collective_icalendar,1
DDMAL_diva.js,0
marek629_SIR,1
ruby-ldap_ruby-net-ldap,1
saucelabs_monocle,1
lian_bitcoin-ruby,1
opengm_opengm,1
Parsely_wp-parsely,0
montagejs_montage,1
Segfault-Inc/Multicorn,1
pda_flexihash,1
enthought_traitsui,1
gottfrois_link_thumbnailer,1
recurly_recurly-client-python,1
mozilla_mozillians-tests,1
Freeseer_freeseer,1
general03/flask-autoindex,1
akvo_akvo-flow-mobile,1
FriendsOfSymfony1/symfony1,1
jcryptool_crypto,1
codez_dry_crud,1
symfony-cmf_block-bundle,0
fluent_fluent-logger-python,1
collective_collective.nitf,0
code4lib_ruby-oai,0
tranchis_xsd2thrift,1
expectedbehavior_acts_as_archival,1
rapid7_metasploit_data_models,1
fenix-framework_fenix-framework,1
phoet_on_ruby,0
ncri_nested_form_fields,1
tyabe_kpt-it,0
JNRowe_versionah,1
zed-0xff_pedump,1
gatgui_gcore,0
headius_invokebinder,0
jeremyevans_ruby-american_date,0
mate-desktop_caja-dropbox,1
kachick_abb,0
nengo_nengo,1
luispedro_merge,0
puppetlabs_packaging,1
watir_watir-rails,1
ccnmtl_mediathread,1
Yubico_php-yubico,0
metamx_java-util,1
DAVKronos_Kronos-Website,0
hoaproject_Dispatcher,0
fougue_fougtools,0
mikera_tyrant,0
rawler_bithorde,1
szechyjs_mbelib,1
OpenBuildings_jam,1
ndarray_ndarray,1
pat_combustion,1
saveriomiroddi_spreadbase,0
rackspace_php-opencloud,1
remotestorage_remotestorage.js,1
square_dagger,1
samleb_sexy_scopes,1
TUM-I5_ASAGI,1
spotify_luigi,1
SixArm_sixarm_ruby_uspto,0
nushio3_cmaes,1
quantcast_qfs,1
DarthGandalf_test,0
eggcaker_jekyll-org,1
blangel_ply,1
airbnb_javascript,1
travis-ci_travis-web,1
tildeio_rsvp.js,1
hrydgard_ppsspp,1
Magomogo_barberry-interfaces,0
vle-forge_vle,1
lstrojny_phpunit-function-mocker,0
OSGeo_gdal,0
gjtorikian/html-pipeline,1
woboq_woboq_codebrowser,1
qcubed_qcubed,1
oivoodoo_devise_masquerade,1
PrestaShop_PrestaShop,1
aodn_aodn-portal,1
opf_openproject,0
ning_maven-dependency-versions-check-plugin,1
mcallegari_qlcplus,1
Spicery_ginger,1
Zeex_samp-plugin-profiler,1
eymengunay_php-passbook,1
l0rdn1kk0n_wicket-webjars,0
oscar-stack_vagrant-hosts,1
apache_jena,1
ultraq_redhorizon,1
Leaflet_Leaflet,1
devsim_symdiff,1
knex/knex,1
muddydixon_fluent-plugin-anomalydetect,0
gushphp/ToInlineStyleEmailBundle,0
ros-perception_image_transport_plugins,0
BuildCraft_BuildCraft,1
Nepherte/commons-cli,1
stevenjackson_pinch_hitter,0
dwenzel_t3events,1
lightswitch05_table-to-json,0
yeoman_generator,1
MichaelMure_Arbore,0
hellige_ccs-cpp,1
pyload_pyload,1
LEMS_jLEMS,1
rubysec_ruby-advisory-db,1
ezsystems_ezpublish-kernel,1
sammyfung_hk0weather,0
ktuukkan_marine-api,1
skandragon_gryphon_sitemap,0
krobertson_deb-s3,1
icewind1991_SMB,1
randombit_botan,1
edx_XBlock,1
otavanopisto_muikku,1
cocos2d_cocos2d-js,1
lbriais_easy_app_helper,1
MattKetmo_EmailChecker,1
ciudadanointeligente_write-it,1
ruby-grape_grape-entity,1
opencredit_badgeos,1
spotify_annoy,1
brycedrennan_eulerian-magnification,1
clarete_forbiddenfruit,0
ai_autoprefixer-rails,1
ingenesis_shopp,1
PowerDNS_pdns,1
Kashomon_glift,0
apache_cloudstack,1
glorpen_GlorpenPropelBundle,1
TUM-Dev/Campus-Android,1
emre_kaptan,1
leafty_node-yaml-config,0
OXID-eSales_oxideshop_ce,1
tobie_specref,0
egulias_EmailValidator,1
phax_as2-lib,0
puppetlabs_puppetlabs-postgresql,1
juliangruber_isarray,0
redcross_arcdata,1
publiclab_plots2,1
wojdyr_xylib,1
krishauser_KrisLibrary,1
netresearch_t3x-contexts_geolocation,1
jejacks0n/teaspoon,0
netresearch_t3x-contexts_wurfl,1
vektor-inc/biz-vektor,1
Teevity/ice,0
ff4j/ff4j,0
gini_dropwizard-gelf,1
propertyshelf_plone.mls.listing,0
willnet_gimei,0
digidentity_libsaml,1
Switajski_FlexibleOrders,0
devnexen_rbcLib,0
JeroenDeDauw_FileFetcher,0
apache_commons-csv,1
playframework_play1,1
treydock_puppet-infiniband,1
jhermsmeier_node-disk,0
BladeRunnerJS_brjs,1
vufind-org_vufind,1
fisharebest_webtrees,1
Yoast/wordpress-seo,1
cotag_http-parser,1
seandepagnier/plots_pi,0
Morrolan_surrealism,1
davidmoten_logan,0
cms-sw_cms-bot,0
linaGirl/ee-types,0
Rubentxu_DreamsLibGdx,1
audioscience_avdecc-lib,1
oskariorg/oskari-server,1
jhoblitt_puppet-ipmi,0
jcabi_jcabi-maven-plugin,1
spring-guides_gs-accessing-data-jpa,1
jegelstaff_formulize,1
controlshift_nation_builder,1
salesagility_SuiteCRM,1
tarmstrong_git2json,1
percona/percona-server,1
vinsol-spree-contrib/spree_bank_transfer,1
adrien-matta_nptool,1
telefonicaid_fiware-orion,1
gds-operations_puppet-auditd,1
sarahtattersall_PIPE,1
Kosmas_leaguer,0
umple_umple,1
usemarkup_OEmbedBundle,1
jasmine_jasmine_junitxml_formatter,0
caelum_vraptor4,1
fablabbcn/fablabs.io,1
hhatto_pgmagick,1
seqan_seqan,1
alibaba/transmittable-thread-local,1
Starou_django-stachoutils,1
nortikin_sverchok,1
Japle/python-pagseguro,1
h4tr3d_avcpp,1
cisco_openh264,1
pypa_warehouse,1
Tanaguru_Contrast-Finder,1
PADL_CredUI,1
cryptocoinjs_eckey,0
shunwen_fluent-plugin-rename-key,1
cburgmer_xmlserializer,0
protobuf-c_protobuf-c,1
OhadR_oAuth2-sample,0
tdunning_t-digest,1
HubSpot_Singularity,1
xero-gateway_xero_gateway,1
f-list_fserv,1
usb-tools/USBProxy-legacy,1
dimazest_poultry,0
hivesolutions_cameo_android,0
kimmobrunfeldt_nap,1
dschadow_JavaSecurity,1
rspec_rspec-activemodel-mocks,0
Wulf/nodehun,1
andersondanilo_CnabPHP,1
Dash-Labs_octo-receiver,0
inspirehep_inspire-next,1
uw-loci_visbio-imagej,0
jeremyong_Selene,1
avz_node-posix-clock,0
luoqii_android_common_lib,0
tfussell_xlnt,1
HdrHistogram_HdrHistogram,1
lesscpy_lesscpy,1
the-events-calendar/the-events-calendar,1
js-cli_js-liftoff,1
bostko_doc2text,1
europeana_Europeana-Patternlab,1
fmd_lazyconf,1
silvershop/silvershop-shipping,0
spring-guides_gs-accessing-data-mongodb,1
satya-das_cppparser,1
frappe_erpnext,1
prodis_correios-cep,0
colons_instant-coverage,1
OCHA-DAP_hdx-ckan,1
ThomasWeinert_carica-io,0
byroot_frozen_record,1
socketio_socket.io-redis,1
IgniteUI_igniteui-angular,1
letrunghieu_wordpress-xmlrpc-client,0
ts-3156/twitter-with-auto-pagination,1
ysc_word,1
SonarSource_sonarqube,1
edx_edx-ora2,1
dpkp_kafka-python,1
draios_sysdig,1
pouchdb_pouchdb,1
capacity4dev_capacity4more,0
saalfeldlab_render,1
fenos_Notifynder,1
open-keychain_open-keychain,1
feldoh_JZookeeperEdit,1
cheeriojs_cheerio,1
benbalter_site-inspector,1
telerik_kendo-ui-core,1
marcusps_GraphSim,0
sirixdb_brackit,1
rjrodger_use-plugin,0
JCMais_node-libcurl,1
usharesoft_hammr,1
j4velin_WiFi-Automatic,1
leanote_leanote,0
NetCommons3_Boxes,0
broadinstitute_picard,1
enova_landable,1
Vinelab_NeoEloquent,1
whitesmith_rubycritic,1
bpmn-io_diagram-js,1
coffeestats_coffeestats-django,0
mapbox_cardboard,1
crate_crate-jdbc,1
okpy/ok,1
commercetools/commercetools-sunrise-java,1
UB-Mannheim_PalMA,1
mixpanel_mixpanel-js,1
pyprism/Hiren-Vault,1
MariaDB_server,1
panterch_future_kids,1
cakephp_acl,1
bakercp_ofxTaskQueue,0
narrowspark_framework,1
j-schumann_translation-module,0
rapid7_recog,1
PR2_pr2_calibration,0
ccnmtl_dmt,1
jimmoores_quandl4j,1
Opetushallitus_omatsivut,1
sportngin_hubstats,1
mapbox_node-fontnik,1
segiddins_segiddins.me,0
pytroll_trollsift,0
churchill-lab_emase,1
arvindr21_diskDB,0
ratchetphp_Pawl,1
iVantage_angular-ivh-treeview,0
ethereum_ethereumj,1
abotalov_waiting_rspec_matchers,0
sgnl05/sgnl05-sssd,1
KonstantinKuklin_HandlerSocketLibrary,0
OCA_account-financial-tools,1
OCA/account-reconcile,1
choury_sproxy,0
OCA_geospatial,1
Netflix_security_monkey,1
OCA_report-print-send,1
OCA_stock-logistics-warehouse,1
OCA_vertical-medical,1
vend_mysql-uuid,1
marvin255_serviform,1
OCA_sale-workflow,1
OCA_product-attribute,0
OCA_server-tools,1
mozilla/foundation-security-advisories,1
OCA_partner-contact,1
AzureAD_azure-activedirectory-library-for-android,1
OCA_commission,1
OCA_reporting-engine,1
kinglozzer_silverstripe-multiselectfield,1
OCA_account-invoicing,1
pagekit_pagekit,1
tim-group_java-statsd-client,1
Project-OSRM_osrm-backend,1
rapid7_metasploit-credential,1
MediaArea/MediaInfoLib,1
bkg_django-spillway,1
leapmotion_autowiring,1
docker/docker-py,1
morphoorg/morpho,1
gaul/s3proxy,1
SUSE_machinery,1
guardian_scribe-plugin-noting,0
openmrs_openmrs-contrib-android-client,0
ushahidi_platform-client,1
codecentric_spring-boot-admin,1
stellar_stellar-client,1
sideway/joi,1
getgrav_grav,1
parse-community/parse-php-sdk,1
mapbox_mapbox-gl-styles,0
thenables_thenify,0
hrbrmstr_iptools,1
fex-team_node-ral,0
neobrain_nihstro,1
enobufs_dtimer,0
neu-rah_ArduinoMenu,1
analogdevicesinc_libsmu,1
praxis/praxis,1
Netflix-Skunkworks/Scumblr,1
massiveart_MassiveSearchBundle,1
numenta_htm.java,1
lsst_obs_sdss,0
animachine_animachine,0
mulesoft-labs/raml-for-jax-rs,1
instedd_resourcemap,1
nadirhamid_oneline,1
zecure_shadowd_php,1
thinkshout_feeding-texas,0
lpaulsen93/dokuwiki-plugin-odt,0
demokratikollen/demokratikollen,0
Sage-Bionetworks_BridgeJavaSDK,1
gbmhunter/MFixedPoint,1
cdapio/coopr,1
optimizely_nuclear-js,1
facebook_mcrouter,1
DMKEBUSINESSGMBH_typo3-mksearch,0
Sanji-IO_sanji,1
OpenTOSCA_container,1
cdapio/cdap_cookbook,1
virtuald_pyhcl,1
LaTruelle_Geac,0
OpenSOC_opensoc-streaming,1
SC5_sc5-styleguide,1
woocommerce/storefront,0
shaggy8871_frame,0
ventoviro_windwalker-test,0
ILIAS-eLearning_ILIAS,1
pmviva_follow_system,0
pomm-project_Cli,1
stacktracejs_stack-generator,0
libbitcoin_libbitcoin-server,1
libbitcoin_libbitcoin-blockchain,1
joni2back_angular-filemanager,1
Comcast_zucchini,1
Pylons_paginate,1
victorhaggqvist_libtodotxt,0
edhille_func-midi-parser,0
smartdevicelink_sdl_core,1
HubSpot_jinjava,1
jansenfelipe_cpf-gratis,0
hzxie/voj,1
imglib_imglib2,1
Kitware_kwiver,1
noironetworks_apic-ml2-driver,1
moneyadviceservice_publify,1
leancloud_javascript-sdk,1
swagger-api_swagger-codegen,1
request_request,1
Aplyca_ansible-role-webapp,0
SUSE_salt-netapi-client,1
AzureAD_azure-activedirectory-library-for-js,1
ipa320_cob_robots,0
arangodb_arangodb-java-driver,1
logstash-plugins_logstash-filter-collate,1
logstash-plugins_logstash-filter-useragent,1
logstash-plugins_logstash-output-lumberjack,1
jjYBdx4IL_example-maven-project-setups,0
DDMAL_Rodan,1
yegor256/hoc,1
Adonai_Man-Man,1
CachetHQ_Cachet,1
logstash-plugins_logstash-input-heartbeat,1
ichylinux_closer,1
webdriverio_cucumber-boilerplate,1
mayah_tinytoml,1
sourcelair_castor,0
WikiEducationFoundation_WikiEduDashboard,1
pine/illya,0
gabynaiman_eternity,1
keboola_geocoding-augmentation,0
vahtras/loprop,0
CityOfPhiladelphia_phila.gov,1
apache/druid,1
riesenia_kendo,0
michaeljennings_carpenter,1
rom-rb_rom-csv,1
philr_bzip2-ffi,0
kimihito_minotake,0
kmpm_nodemcu-uploader,1
cosmicradiotv_livehub,0
thephpleague_flysystem-sftp,1
ctreatma_beer_bot,0
hawkular_hawkular-alerts,1
anthony-quiros_openChat,1
galaxyproject_bioblend,1
standard/standard,0
spatie_ssl-certificate-chain-resolver,1
scrapinghub_scrapinghub-entrypoint-scrapy,1
jeremypoulter_MicroTasks,0
objectiveweb_auth,0
hmcts/hwf-staffapp,1
userfrosting/fortress,1
popphp_pop-loader,0
Granicus/jekyll-ramler,0
unix-junkie_javafs,0
myhdl/myhdl,1
eXolnet_laravel-module,1
sizuhiko_cakephp-fabricate-adaptor,0
rajithaw/workflow-designer,0
sensu-plugins_sensu-plugins-sentry,0
crdoconnor_xeger,0
BookingSync_bookingsync_portal,1
Syncplay_syncplay,1
Crizz0_phpbb3-about-us,0
msdk_msdk,1
nfroidure/yerror,0
alphagov_digitalmarketplace-buyer-frontend,1
projectdx/hancock,1
blueberryapps_translation-server,0
royriojas_eslint-friendly-formatter,1
XadillaX_Toshihiko-Memcached,0
linagora_hublin,1
ULYSSIS-KUL_ipp,1
shekyan_slowhttptest,1
php-tmdb_laravel,0
reactjs_react-docgen,1
Datamart_Komito,1
jredmondson_gams,1
digital-antiquity/DataARC,0
doorkeeper-gem/doorkeeper-jwt,0
samarthbsb_SpringWebsocket,0
tech256_r2d8,1
codenautas_multilang,1
NethServer_nethserver-lang,1
rcannood_incgraph,0
Martin-Dames_Tingeltangel,1
sebastiangoetz_slr-toolkit,1
tarantool_test-run,0
nfe_client-php,1
TerriaJS_terriajs,1
sufleR_sql_query,1
wantedly_dockerfile-terraform,1
informatics-isi-edu_chaise,1
MonicBuilder_monic-loader,0
kontena_kontena,1
emiellohr_paynl-rb,0
naver_android-imagecropview,0
dcendents_android-maven-gradle-plugin,0
I2PC_scipion,1
PabloCastellano_libcnml,0
cibox/cibox,1
esbanarango_ember-model-validator,1
IonicaBizau_tithe,0
agateblue/django-navutils,0
lets-blade/blade,1
everypolitician_everypolitician-data,0
jaywcjlove_hotkeys,1
fastdlabs/container,1
jsalonen_yle-api,0
epics-base_pvDatabaseCPP,1
ogerardin_project-guarana,0
demianmnave_CML,1
roadmanfong_react-skycons,0
Brig13Team_Operation_Kerberos,0
icatproject_authn.simple,0
reduxjs/redux,1
buguroo_pyknow,1
resilience4j/resilience4j,1
Mastercard-Gateway/simplify-android-sdk,1
NethServer_nethserver-base,1
beautifuldonkey_SurvivorsGuide,0
atria-soft_ege,1
arqex_react-datetime,0
remarkjs/remark-html,0
wttech/AEM-Rules-for-SonarQube,1
zzak_mruby-uri,0
miraheze_mw-config,1
react-boilerplate/react-boilerplate,1
statickidz_php-google-translate-free,0
BhallaLab_moose-core,1
GetSky_php-airac,1
CocoaPods_Cork,0
ElMassimo_mongoid_includes,1
medialab-ufg/tainacan,1
ivantsepp_codeclimate-scss-lint,0
Anaconda-Platform/anaconda-client,1
PapenfussLab_gridss,1
bulentv_js_zklib,1
uclouvain_osis,1
vluzrmos_laravel-language-detector,0
HSR-SE2Proj_JBomberman,1
gouarfig_board-notices,1
thyrlian_JunitReportGenerator,0
BhallaLab_moose-examples,1
mindplay-dk_unbox,0
olivierHa_puppet-influxdb,1
CitrineInformatics_api-documentation,0
rmbreak_pam_ldapdb,0
sergicastro_manage-credentials,0
Yoast_YoastSEO.js,1
ofbeaton_command-running,0
ColdTrick_elasticsearch,0
olssonm_l5-very-basic-auth,0
jeremyevans_rodauth,1
adamnoto/bali,1
kuzzleio_kuzzle,1
OmegaK2_PyPoE,1
LabSEC_libcryptosec,1
culqi_culqi-java,1
neos_flow-development-collection,1
livecode_livecode,1
itdxer_neupy,1
mikahama/syntaxmaker,0
ethereumjs/ethrpc,1
sonofeft_PyHatch,0
nguyentu1602_algorithm-tdd,1
bung87_moto-moe,0
NoChanceSD_AncientGates,1
seikichi_pry-inline,0
Commit451_NativeStackBlur,0
edx_ecommerce-worker,1
indibeast_currency-format,1
hakan42_chronos,1
SidRoberts_phalcon-events,0
ArpNetworking_metrics-jvm-extra,1
the-events-calendar/tribe-common,0
JMRI_JMRI,1
wmde_FundraisingFrontend,1
twaugh_journal-brief,1
czim_laravel-dataobject,1
openmrs/bacteriology,0
servicecatalog_development,1
Cutehacks_duperagent,1
blackwinter_bismas,1
jkraemer_redmine_pushover,0
ipfs-shipyard/ipscend,1
ctlabvn/Recaptcha,0
juju-solutions_layer-basic,1
afs_text-table,0
imglib_imglib2-introductory-workshop,0
rburgst_okhttp-digest,1
unepwcmc_ORS-API,1
20c_munge,1
moimikey_stripquotes,1
rpherbig_dr-scripts,1
TeknooSoftware_sellsy-client,1
ipfs_js-ipfs,1
marvinpinto_ansible-role-docker,0
ThaDafinser_UserAgentParser,1
yaocloud_kaname,1
Tokimon_vanillajs-helpers,0
hiqdev_omnipay-ecoin,0
zz85_space-radar,0
jpbonson/SBBFramework,1
uolcz/pina,0
Integreat_cms,1
GeBeater_dozer-jdk8-support,1
EXIficient_exificient,1
arturictus_easy_serializer,1
xp-forge_functions,0
JeroenDeDauw_QueryrAPI,0
dockstore/dockstore,1
broccoli-html-editor/broccoli-html-editor,0
janbar_noson,1
MoombaDS_quest,0
gopaycommunity_gopay-php-api,1
alphagov_paas-cf,1
microfocus-idol/java-idol-types,1
Mozu_generator-mozu-theme,0
eFaps_Data-Exporter,1
WGBH_wagtail-streamfieldtools,0
netiam_contrib-rest,1
chemfiles_cfiles,1
PickNikRobotics/rosparam_shortcuts,0
zhm_minipg,0
albertodemichelis_squirrel,1
fosstp_fosstp,0
kadrlica_dsphsim,1
allenwq_devise-multi_email,1
webpack-contrib/npm-install-webpack-plugin,0
PythonicNinja_pydrill,1
honix_Pyno,1
SpineEventEngine_jdbc-storage,1
astorm_pestle,1
rwz_natural_sort,0
dankogai_js-hexfloat,0
spiral/scaffolder,1
vojtasvoboda_oc-twigextensions-plugin,0
michaelmior_NoSE,1
Cosylab_nds3,1
lsphillips_RuntimeError,0
RestComm_jdiameter,1
plone_plone.versioncheck,0
masneyb_cavedbmanager,1
VioletGiraffe_cpp-template-utils,1
PluginsOCSInventory-NG_officepack,0
narunlifescience_runcircos-gui,0
ZeitOnline_pyramid_dogpile_cache2,0
telemark_tfk-dsf-unwrap-contact,0
Hashfyre_ansimp_le,0
substancelab_rconomic,1
NYPL-Simplified_server_core,0
Cadasta_cadasta-platform,1
SuperdeskWebPublisher_SWPMultiTenancyBundle,1
ECAM-Brussels_PythonAdvanced2BA,0
Anrop/AAR-Rails,0
python_mypy,1
microfocus-idol/java-aci-types,1
Anrop_Anrop-API,0
nexylan/slack-bundle,0
gdbots_pbjx-bundle-php,0
roundpartner_configuration,0
openprocurement_openprocurement.tender.openuadefense,1
gocodebox_lifterlms,1
m-jch_Date,0
AspenWeb_pando.py,1
Azure_azure-storage-ruby,0
liveblog_liveblog,1
spryker/stock,1
conda-forge_nodejs-feedstock,1
microsoft/pxt,1
doctrineum/doctrineum-string,0
conda-forge_binutils-feedstock,1
neomutt_homebrew-neomutt,1
JolitaGrazyte/discogs-api,1
stts-se/wikispeech-server,1
beloop_CoreBundle,0
JonnyPtn_SFML-DOOM,1
beloop_components,1
alirazaalvi_ReactBoilerplate,0
yamamuteki_chi-bus.jp,0
wso2_carbon-identity-framework,1
alpha-miner/Finance-Python,1
EasonWang01_All2Json,0
roschaefer_story.board,1
glut23_webvtt-py,1
nanbando_core,1
pinussilvestrus_bncl,1
gucong3000_postcss-unprefix,1
akamai/AkamaiOPEN-edgegrid-java,1
influunt_influunt,0
Erebot_Module_IrcTracker,0
intel/libyami-utils,1
scrapy_cssselect,1
PatrikValkovic_StandardTemplates,1
gin0606_tukune,0
MarcoBuster_OrarioTreniBot,1
rubygarage_detectify,0
datamade/openness-project-nmid,0
enkessler_childprocess,1
bmcfee_pumpp,1
ITDSystems_alvex-orgchart,0
rlucioni_blog,1
butcherless_gradle-and-java8,0
ianstormtaylor_slate,1
ReactTraining_history,1
neuromorphic-paris_chameleon,1
eggjs_egg-logger,0
Nepherte_bing-proxy,0
TeamWizardry_TMT-Refraction,1
heroku_configerator,1
mmckinst_puppet-hash2stuff,0
TakWolf_Android-AspectRatioLayout,0
bcr_Motobuddy,0
armada-ths_ais,1
djavan-bertrand_JCVD,0
apigee-internal_microgateway,1
dennisss_tansa,1
Soldy_interactiveConsole,0
barnabycolby_MMM-Carousel,0
php-telegram-bot/telegram-bot-manager,1
EliseJ_astroABC,1
airbnb_epoxy,1
MilesChou/slim-test,0
odota/web,0
wilr_silverstripe-googlesitemaps,1
bbc_waveform-data.js,1
salesforce_refocus,1
electrode-io_isomorphic-loader,1
woocommerce_woocommerce,1
paddydoyle_ipam-lite,0
mmateja_dirclean,0
tiborv_memory-cache-ttl,0
excamera_alfalfa,1
jonathangingras_ckick,1
soef/ioBroker.find-my-iphone,1
sharmalab_Datascope,0
Nehon_bootmonkey,0
StackStorm_st2,1
zxz054321_laravel4china,0
iiif-prezi_iiif-prezi,1
p-groarke/fea_benchmark,1
heremaps_here-aaa-java-sdk,1
ekinhbayar_BrillTagger,0
cparse_cparse,1
datacite_orcid_client,0
imatesiu_TestHWCorrispettivi,0
ITArray/automotion-java,1
lccgov_generator-lcc-sharepoint,1
groovenauts_capistrano-systemd-multiservice,1
VestniK/portable_concurrency,1
algolia_algoliasearch-client-javascript,1
ResourcefulHumans_svg-template-builder,1
dev-sec_linux-baseline,1
lumoslabs_changes_are_logged,0
pixelnest_presskit.html,0
epistrephein_rarbg,0
aimalz_chippr,0
zuixjs/zuix,1
imagej_imagej-mesh,1
tymondesigns_lkr,0
malexer_pytest-spark,1
sherman5/wiimake,1
CAAPIM_webpack-config,1
nearform/udaru,1
teralytics_ansible-hdfs,0
karriereat_php-code-quality,1
quaddy-services_escape-from-intranet,1
mrajo_cupelix,0
react-boilerplate_react-boilerplate,1
stadia_activerecord-mysql2rgeo-adapter,1
wagtail_Willow,1
open-amdocs_zusammen,1
thedava_xspf-tools,1
iawia002_Diana,0
bitchcraft/reactjs-boilerplate,1
collinmutembei_III,0
Marri_glowfic,1
pablo-sg-pacheco/file-renaming-on-upload,0
albertodonato/toolrack,1
xp-forge_web,0
samrap_acf-fluent,1
spryker/quote,1
bloomreach-forge/iframe-perspective,0
walkingice_MomoDict,1
unifiedjs_unified-engine,0
bencbartlett_Overmind,0
microsoft/pxt-common-packages,1
telemark_minelev-notifications,0
airbnb_native-navigation,1
x42en_IOServer,1
cerner_terra-core,1
Axway_ats-distrib,0
michaelherold_codeclimate-haml-lint,1
socketry_async-dns,0
yitsushi/jenkins2-api,0
gmontard_dockrails,0
acquiropay_php-sdk,0
hashicorp_nomad-java-sdk,1
django-oscar_django-oscar-docdata,1
nx-desktop/nx-simplemenu-applet,1
percy_react-percy,1
all3dp_meshprop,0
networknt_light-rest-4j,1
fkhadra_react-on-screen,1
chubbyphp_chubbyphp-deserialization,1
cozy_cozy-drive,1
google_cdep,1
mozilla_jx-sqlite,1
lessersunda/lexirumah-data,0
AppDirect_service-integration-sdk,1
hasgeek_events,0
dmfs_ContentPal,1
konnectors/cozy-konnector-orange,1
desihub_redrock,1
erikkjellgren/SlowQuant,0
anthill-platform_anthill-common,1
forgemo_bittrex-java-client,1
TrestleAdmin_trestle,1
gushphp_ToInlineStyleEmailBundle,0
envato_event_sourcery_todo_app,1
Hosiang1026/Hosiang1026.github.io,0
siddharthkp_bundlesize,1
filestack_filestack-ruby,1
Terabee/teraranger_array,1
abuccts_wikt2pron,1
Frederikam_Lavalink,1
catamphetamine_libphonenumber-js,1
Donaldcwl_browser-image-compression,0
yadahan_laravel-cardcom,0
ManageIQ_manageiq-messaging,1
ONSdigital_rm-common-test-framework,1
cncf/devstats,0
morishitter/picostyle,1
dyonir_vue2-persian-datepicker,0
lucajackal85_ImageMerge,0
hikaruna_rolling,1
serverless-heaven_serverless-webpack,1
brwyatt_puppet-flatpak,0
zeeguu-ecosystem_Zeeguu-Core,1
wultra/powerauth-webflow,1
culturagovbr_salic-minc,0
bublejs/buble,1
AO-StreetArt_Adrestia,1
kostopoulos_todo_mvc,0
inpsyde_MetaboxOrchestra,1
TeleMidia_ginga,1
horde_Url,1
corphish_NightLight,1
phoboxhq/phobox,1
dunwu/spring-tutorial,1
tna0y_Python-random-module-cracker,0
darryldecode_laravel-starter-kit,0
hazimehh_L0Learn,1
art-of-dom_hash-it,1
austintoddj/zoom,0
freyo_laravel-queue-cmq,1
microsoft/fastlane-plugin-appcenter,1
Vizzuality_trase,1
dreipol_vue-fetch-route,0
snebes_php-daisydiff,1
ihaohong_algs,0
microsoft/pai,1
Shopify_cli-ui,1
rishiqing_rishiqing-electron,0
zinhart_ann,1
Idrinth_php-yaml-facade,1
CruGlobal_kirby,0
vonpupp_dotfiles-ansible,0
tronprotocol_java-tron,1
MC-U-Team_Useful-Backpacks,1
sergeyklay_php-orm-benchmark,1
DomRe/galaxy,1
spryker_cms-block-product-storage,1
spryker_product-image,1
spryker_company-unit-address,1
spryker_api-query-builder,1
spryker_product-label-discount-connector,1
ambimax_magento-module-ambimax-lazycatalogimages,0
dimagi_commcare-cloud,1
Echsecutor_bitcoin_trading.echse,1
gkjohnson_urdf-loaders,0
Dynatrace_openkit-java,1
rickfast_consul-client,1
NTIA_scos-sensor,1
reikdas_Small-Scripts,1
OpenLiberty/guide-microprofile-opentracing,1
dina-web-nrm/dina-collections,1
Adyen/adyen-mirakl,1
joshka/junit-json-params,1
X-dea/MultiLocker,1
lttb_reselector,1
foxtacles_rj_schema,0
chaoss_grimoirelab-perceval-puppet,0
construct-org_construct,1
Jvanrhijn_CXXfoil,1
qiwi_di-container,0
AJEETX_LongTask,0
CDAT_vcdat,1
pippo-java_pippo,1
kylesferrazza_jerrymercogliano,1
hspsh/whois,1
gkatzioura_CloudStorageMaven,0
clupprich_pronto-yard,0
cylon-v_dandy,1
ChargePoint/pydnp3,0
ballerina-platform/ballerina-lang,1
asgrim_quality-tutorial,0
NeilJustice/ZenUnitAndMetalMock,1
Paparoni_goatapp,0
compbiocore_qckitfastq,0
appserver-io_console,0
DIYer22/boxx,0
openknowledge_reactive-jaxrs,1
sigoden_htte,0
node-3d_image-raub,1
amadeus4dev_amadeus-java,1
JeffValenti_SME,1
inthemill_istanbul-tolerant-merge,0
puppetlabs_pdksync,1
LucaCappelletti94_dictances,1
asciidoctor_kramdown-asciidoc,1
Giorgiosaud_wedcontest2018,0
spatie_typed,1
lschoe_mpyc,1
groupdocs-total_GroupDocs.Total-for-Java-Dropwizard,1
jcarreira_cirrus,1
AraBlocks_did-document-public-key,1
FromDoppler_relay-webapp,1
IdentityPython/JWTConnect-Python-OidcMsg,1
south37_yard2steep,1
volcoma_itc,1
grahamhar_aws-rotate,0
jaridmargolin_wss-manager,0
zcobell_ADCIRCModules,1
forrest79_DeployPhp,0
gizatt_pydrake_kuka,0
EMBL-EBI-SUBS_file-processing-listener,1
woocommerce/woocommerce-admin,1
proseline_paid.proseline.com,0
private-datagram_pdg-core,1
fwilliams_numpyeigen,1
gkjohnson/threejs-sandbox,0
research-technologies_hull_synchronizer,1
project-sunbird_sunbird-content-editor,1
jlib-framework_jlib-iterable,0
popovvladislav_job4j,1
fusion-jena_JaroWinklerSimilarity,0
adgproject_adg,1
henroca_react-material-keyboard,0
platformio_platform-intel_mcs51,0
esac-ic_esac.nl,0
jackmoody11_stockscore,0
adomant_blog_finally,0
hyperflow-wms_hyperflow,1
Phyrone_LibLoader,0
AteneoMolinaDeSegura_jekyll,0
vmangos_core,1
mahmoud-birdsol_laravel-api-responses,0
tip-grupo-2/biblo,1
etalab_rna_as_api,1
martinfehrs/whirl,1
yeutech-lab_wallpapers-yeutech,1
walley_guidepost,1
bmlt-enabled/bmlt_tabbed_map,0
vcalderon2009_Red_Sequence_Evolution,0
bitcoin-computer/bitcoin-source,1
KState-HEP-HTT_SMHTT_Analyzers,0
wavefrontHQ_wavefront-sdk-python,1
qossmic/rich-model-forms-bundle,1
amiroff157/smarthaus,1
relative-ci_agent,0
DigitalWPI_digitalwpi,0
pyromoney_pyromoney-api,0
audionamix_rtff,1
elopez17/Soundwave,0
voxpupuli_puppet-vault_lookup,0
pjc0247_rookie.lang,1
nzw0301_tokenizer,0
madhephaestus_ESP32Encoder,1
Layto888_laylib,1
KSIUJ/ksicamp-the-game,0
ecaepp_ansible_role_nginx,0
HofSpannungMotorsport_CarSoftware,0
dolatapatryk1_text-transformer,0
Umar-Eh_Getting-a-jump-on-crime,0
talenfisher_x3p.js,0
privrja_bbdgnc,1
jvcleave_ofxOMXCamera,0
LuomingXu/OAuth,1
AlexandruGhergut_find-me-a-buddy,0
jczaja_test-openmp,1
alexandrebignalet_es-get-removed-subscribers,0
Idrinth_lwv,0
alexloboda_SVDFunctions,0
mincong-h_jaxrs-2.x-demo,1
abdes_asap_app_imgui,1
NAL-i5K_tripal_eutils,0
WGBH-MLA_pbcore,1
ncastilho/penfold-api,0
phpactor/code-transform-extension,0
yodaos-project/edge-monitor,1
kato_kato-ui,0
Soapbox/GoodTalk-Webhooks,0
gradle_playframework,1
bluemarblepayroll_differential,1
VerizonAdPlatforms_OneMobileSDK-controls-android,1
JaneliaSciComp_elk-utilities,0
mehrmann_raytracing,0
kamo-naoyuki_pytorch_complex,0
kquiet_auto-browser,1
collabook_interface,0
briancairl_twod,1
sburgess287_blog-app-mongoose-challenge-solution,0
Seagate_openSeaChest_LogParser,1
psfs_nosql,1
andrea-lascola_Pytoolz,0
carsevbarus_decide-test,0
ebru/sending-messages,0
neka-nat_dq3d,1
PODEntender/estatista,0
eclipse/dartboard,1
zli117/EInk-Calendar,1
OLC-Bioinformatics/StrainChoosr,0
mrtrizer_mojito-reflection,0
flubshi_pvr.waipu,0
trinodb/tempto,1
ericrochow_continuous-integration-travis,0
GermaniaKG_Tracking,0
moveability_moveability,0
trjahnke_djangoPolls,0
adopted-ember-addons_ember-impagination,1
patrikx3_verdaccio-cli,0
PrincetonUniversity_IMDb,1
iobroker-community-adapters_ioBroker.proxmox,1
acc-cosc-1337-spring-2019_acc-cosc-1337-spring-2019-k1788723,1
Lartu_ldpl,1
iesdonana_mueveme-barba,1
alan-turing-institute_CleverCSV,1
vitessce/vitessce,1
konuralp_myDemoApp,0
wanze_SeoMaestro,1
1846689910/type-18-hek,1
yarynakorduba_public-transport-networks,0
gomexvato_mm,1
q-flux_SOEN341,0
andrascii_cpprobotparser,1
cs3243-project-group-18_poker-ai,0
asherbar_InspectorDB,0
yildiz-online_common-logging-logback,1
mariazevedo88_json-formatter-validator,1
netguru-college/vol4-dugong,0
gammasoft71/tunit,1
gluehbirnenkopf_gradle-jib,0
suitmedia_frontend-lighthouse-audit,0
Justin-ad-Park_spring-webservice,0
kojimain_club-groupware-app,0
juliuste_zhv-de,0
spot-next_core-next,1
BigRedEye_cpparg,1
instantbox_instantbox,1
TGLS_4806project,0
icewing1996_biaffine-parser,1
andrewbonney_mdns-debugger,0
hawaiidatascience/metaflowmics,0
joshuaalpuerto_one-piece-skills,0
shubhra11mishra_pal-tracker,0
chuqianyiding_blankmath,1
NCEC20182019_Scheduler,0
Javernaut_WhatTheCodec,1
Infineon_BlockchainSecurity2Go-Android,1
healeycodes_EmojiStreamer,0
asaschachar_optimizely-manager-js,0
criesbeck_thinking-with-hooks,0
lbox87_smite-randomizer-client,0
opengrav_gmeterpy,0
tacoss/logro,0
Winfidonarleyan_kargatum-system,1
learnweb_moodle-mod_collabora,1
svl-studios_google-fonts,0
mwibrow_sphinx-sass,0
BzCoder_SmartMediaPicker,0
arhaikal_veriffymycar,0
amanzanero_shpe-tutor-scheduler,0
ahartoto_booklib,0
yodaos-project_node-flora,1
japzio/docker-registry-helpers,0
varwishteam_varwish-fe,0
ssistoza_pokemon-viewer,0
keita-hino_todo,0
UNN-ITMM-Software_devtools-course-practice,0
pro-mushen_uploader-images,0
sabbir-rupom/akaash-rest-api,1
liuxsen_date-api,0
77web_DependencyAnalyzerUsage,1
Zarad1993_dyc,1
egotter_egotter,0
maslick_bruncher,0
NullHypothesis_bridgedb,1
zzdhidden_wechat-next,0
skalenetwork_libBLS,1
AaronRobson_py-elementary-cellular-automaton,1
tastypackets_x12-parser,0
briefmnews/django-esidoc,0
pdobb_pronto-bundler_audit,0
magic-modules_magic-modules.github.io,0
nimiq_core-js,1
psf/black,1
am2222_pydggrid,1
notmarkmiranda_memento_mori,0
analogwp/analogwp-templates,0
miguno_ksql-udf-examples,0
HonoluluHenk_gcmonitor,1
hecom-rn_IncUpdate,0
KWZwickau_SPHERE-Framework,1
witte_Metronome,0
kmels/SigPyParser,1
Calvin-L_backup,1
thoward27_algorithms,1
ArcSigov_otus-homework4,0